IP;Port;Nom de domaine;SNI;Cle Publique;Date Expiration;Certificat;SHA-256
154.68.9.46;443/tcp;orange.ci;orange.ci;rsa (2048 bits);2026-09-08;VALIDE ✅;ee7760796acd6b48cdd5ab365f7d298cd644a64a732a62b68b05e6121f1090a6
154.68.9.46;443/tcp;www.orange.ci;orange.ci;rsa (2048 bits);2026-09-08;VALIDE ✅;ee7760796acd6b48cdd5ab365f7d298cd644a64a732a62b68b05e6121f1090a6
160.154.2.25;443/tcp;mail.orange.ci;mail.orange.ci;rsa (2048 bits);2026-04-11;EXPIRE ❌;b45a27c118e9a24bbd11059f33cd29810452f31aa9b027811ce45bc112aa45df
41.66.15.246;443/tcp;monespace.orange.ci;monespace.orange.ci;rsa (4096 bits);2026-11-20;VALIDE ✅;77af11bc329ea152bf01e23cd4421aa892ed48c11029c782fa3210ee24bc19de
154.68.9.46;80/tcp;orange.ci;N/A;N/A;N/A;N/A;N/A
160.154.2.25;80/tcp;mail.orange.ci;N/A;N/A;N/A;N/A;N/A
;443/tcp;;*.orange.ci;rsa (2048 bits);2026-08-08;Sectigo Public Server Authentication CA DV R3;ee7760796acd6b48cdd5ab365f7d298cd644a64a732a62b68b05e6121f1090a6
154.68.9.35;443/tcp;webmail.sparex.ci;*.orange.ci;rsa (2048 bits);2026-08-08;Sectigo Public Server Authentication CA DV R3;ee7760796acd6b48cdd5ab365f7d298cd644a64a732a62b68b05e6121f1090a6
154.68.9.46;443/tcp;www.aviso.ci;*.orange.ci;rsa (2048 bits);2026-08-08;Sectigo Public Server Authentication CA DV R3;ee7760796acd6b48cdd5ab365f7d298cd644a64a732a62b68b05e6121f1090a6
GLOBAL;SCAN NMAP;480 hotes actifs;Total: 480 IP;Duree: 3434.91s;Statut: Termine;Rapport: Correction effectuee;
